year,plotid,lifeform,layer,species,species_name,cover_percent,NOTES,2020_Cover
2019,VR1,TR,TOV,ABIMAG,ABIES MAGNIFICA,15,,
2019,VR1,TR,TSA,ABIMAG,ABIES MAGNIFICA,1,,
2019,VR1,TR,TOV,PINCON,PINUS CONTORTA,2,,
2019,VR1,TR,TOV,PINMON,,3,,
2019,VR1,TR,TSA,PINMON,,<1,,
2019,VR1,SH,SL,PINMON,,<1,,
2019,VR1,SH,SL,SYMROT,SYMPHORICARPOS ROTUNDIFOLIUS,<1,,
2019,VR1,FB,TOF,PENNEW,PENSTEMON NEWBERRYI,<1,,
2019,VR1,FB,TOF,ARASPP,,<1,,
2019,VR1,FB,TOF,ASISPP,,<1,,
2019,VR1,FB,TOF,BRASPP,,<1,,
2019,VR1,GR,TOG,POASPP,,7,,
2019,VR1,GR,TOG,POASPP,,<1,,
2019,VR14N,TR,TOV,ABICON,ABIES CONCOLOR,0.5,,
2019,VR14N,TR,TOV,PINCON,PINUS CONTORTA,1,,
2019,VR14N,TR,TOV,ABIMAG,ABIES MAGNIFICA,0.5,,
2019,VR14N,TR,TSA,ABISPP,,0.5,,
2019,VR14N,SH,SM,ARCTRI,ARTEMISIA TRIDENTALA,27,,
2019,VR14N,SH,SL,SYMROT,SYMPHORICARPOS ROTUNDIFOLIUS,0.5,,
2019,VR14N,SH,SM,SYMROT,SYMPHORICARPOS ROTUNDIFOLIUS,0.5,,
2019,VR14N,SH,SL,ARCTRI,ARTEMISIA TRIDENTALA,0.5,,
2019,VR14N,SH,SL,CHRNAU,CHRYSOTHARMNUS NAUSEOUS ,0.5,,
2019,VR14N,FB,TOF,LINNUT,LINNANTHUS NUTTALLII,23,,
2019,VR14N,FB,TOF,ERINUD,ERIOGONUM NUDUM,0.5,,
2019,VR14N,FB,TOF,PHAHAS,PHACELIA HASTATA,0.5,,
2019,VR14N,FB,TOF,VIOPUR,VIOLA PURPURERA,0.5,,
2019,VR14N,FB,TOF,LUPAND,LUPINUS ANDERSONII,0.5,,
2019,VR14N,FB,TOF,COLPAR,COLLINSIA PARVIFLORA,0.5,,
2019,VR14N,FB,TOF,ERIUMB,ERIOGONUM UMBELLATUM,0.5,,
2019,VR14N,FB,TOF,CHRVIS,,0.5,,
2019,VR14N,FB,TOF,PEDSEM,PEDICULARIS ATTOLLENS,0.5,,
2019,VR14N,FB,TOF,OSMOCC,OSMORHIZA OCCIDENTALIS,0.5,,
2019,VR14N,FB,TOF,ARAHOL,ARABIS HOLBOELLII,0.5,,
2019,VR14N,FB,TOF,ARADRU,ARABIS DRUMMONDII,0.5,,
2019,VR14N,FB,TOF,WYEMOL,WYETHIA MOLLIS,0.5,,
2019,VR14N,GR,TOG,POAWHE,POA WHEELERI,3,,
2019,VR14N,GR,TOG,ELYELY,ELYMUS ELYMOIDES,0.5,,
2019,VR14N,GR,TOG,STIPA SPP,,0.5,,
2019,VR14N,GR,TOG,CARINT,CAREX INTEGRA,0.5,,
2019,VR2N,TR,TOV,ABIMAG,ABIES MAGNIFICA,27,,
2019,VR2N,TR,TOV,ABICON,ABIES CONCOLOR,35,,
2019,VR2N,TR,TOV,PINCON,PINUS CONTORTA,3,,
2019,VR2N,TR,TSA,ABIMAG,ABIES MAGNIFICA,0.5,,
2019,VR2N,TR,TSA,ABICON,ABIES CONCOLOR,0.5,,
2019,VR2N,TR,TSA,PINCON,PINUS CONTORTA,0.5,,
2019,VR2N,FB,TOF,ARADIV,ARABIS DIVARICARPA,0.5,,
2019,VR2N,FB,TOF,ARADRU,ARABIS DRUMMONDII,0.5,,
2019,VR2N,FB,TOF,FB#G,,0.5,,
2019,VR2N,FB,TOF,KELGAL,KELLOGGIA GALIOIDES,0.5,,
2019,VR2N,FB,TOF,PENNEW,PENSTEMON NEWBERRYI,0.5,,
2019,VR2N,GR,TOG,POA,,0.5,,
2019,VR2N,GR,TOG,CARARC,CAREX  ARCTA,0.5,,
2019,VR2N,GR,TOG,ELYELY,ELYMUS ELYMOIDES,0.5,,
2019,VR26N ,TR,TOV,ABICON, CONCOLOR ,23,,
2019,VR26N ,TR,TOV,PINCON,PINUS CONTORTA,13,,
2019,VR26N ,TR,TSA,ABICON,ABIES CONCOLOR,0.5,,
2019,VR26N ,TR,TSA,PINCON,PINUS CONTORTA,0.5,,
2019,VR26N ,SH,SL,SYMROT,SYMPHORICARPOS ROTUNDIFOLIUS,0.5,,
2019,VR26N ,SH,SL,RIBMON,RIBES MONTIGENUM,0.5,,
2019,VR26N ,GR,TOG,CARARC,CAREX  ARCTA,0.5,,
2019,VR26N ,GR,TOG,POAWHE,POA WHEELERI,0.5,,
2019,VR26N ,FB,TOF,VIOPUR,VIOLA PURPURERA,0.5,,
2019,VR26S,TR,TOV,ABICON,ABIES CONCOLOR,49,,
2019,VR26S,TR,TOV,PINCON,PINUS CONTORTA,25,,
2019,VR26S,TR,TSA,ABICON,ABIES CONCOLOR,0.5,,
2019,VR26S,TR,TSA,PINCON,PINUS CONTORTA,0.5,,
2019,VR26S,SH,SM,ARTTRI,ARTEMISIA TRIDENTALA,0.5,,
2019,VR26S,SH,SL,SYMROT,SYMPHORICARPOS ROTUNDIFOLIUS,0.5,,
2019,VR26S,GR,TOG,POAWHE,POA WHEELERI,10,,
2019,VR26S,GR,TOG,ELYELY,ELYMUS ELYMOIDES,5,,
2019,VR26S,GR,TOG,CARARC,CAREX  ARCTA,5,,
2019,VR26S,FB,TOF,COLPAR,COLLINSIA PARVIFLORA,80,,
2019,VR26S,FB,TOF,ARAPLA,ARABIS PLATISPERMA,1,,
2019,VR26S,FB,TOF,VIOPUR,VIOLA PURPURERA,0.5,,
2019,VR26S,FB,TOF,CREINT,,0.5,,
2019,VR26S,FB,TOF,SENINT,SENECIO INTEGERRIMUS,1,,
2019,VR26S,FB,TOF,KELGAR,KELLOGGIA GALIOIDES,0.5,,
2019,VR26S,FB,TOF,ARAHOL,ARABIS HOLBOELLII,0.5,,
2019,VR26S,FB,TOF,LINNUT,LINANTHUS NUTTALLII,1,,
2019,VR26S,FB,TOF,PEDSEM,PEDICULARIS ATTOLLENS,0.5,,
2019,VR26S,FB,TOF,CALMON,CALYPTRIDIUM MONOSPERMUM,0.5,,
2019,VR30N,TR,TOV,PINCON,PINUS CONTORTA,4,,
2019,VR30N,TR,TSA,PINCON,PINUS CONTORTA,4,,
2019,VR30N,TR,TOV,ABIMAG,ABIES MAGNIFICA,8,,
2019,VR30N,TR,TSA,ABIMAG,ABIES MAGNIFICA,4,,
2019,VR30N,TR,TOV,PINJEF,PINUS JEFFREY,1,,
2019,VR30N,TR,TSA,ABICON,ABIES CONCOLOR,4,,
2019,VR30N,SH,SM,QUEVAC,QUERCUS VACCINIFOLIA,3,,
2019,VR30N,SH,SL,RIBMON,RIBES MONTIGENUM,4,,
2019,VR30N,SH,SL,RIBCER,RIBES CEREUM,4,,
2019,VR30N,SH,SM,SYMROT,SYMPHORICARPOS ROTUNDIFOLIUS,4,,
2019,VR30N,FB,TOF,ASTSPP,,0.5,,
2019,VR30N,FB,TOF,LUPAND,LUPINUS ANDERSONII,0.5,,
2019,VR30N,FB,TOF,VIOPIN,VIOLA PURPURERA,0.5,,
2019,VR30N,FB,TOF,ERINUD,ERIOGONUM NUDUM,0.5,,
2019,VR30N,FB,TOF,ERYCAP,ERYSIMUM CAPITATUM,0.5,,
2019,VR30N,FB,TOF,OSMOCC,OSMORHIZA OCCIDENTALIS,0.5,,
2019,VR30N,FB,TOF,SOLCAN,SOLIDAGO CANADENSIS,0.5,,
2019,VR30N,FB,TOF,ASTOCC,ASTER OCCIDENTALIS,0.5,,
2019,VR30N,FB,TOF,KELGAL,KELLOGGIA GALIOIDES,0.5,,
2019,VR30N,FB,TOF,WYEM0L,WYETHIA MOLLIS,0.5,,
2019,VR30N,FB,TOF,ARAHOL,ARABIS HOLBOELLII,0.5,,
2019,VR30N,FB,TOF,PHAMUT,PHACELIA MUTABILIS,0.5,,
2019,VR30N,GR,TOG,STIPA SPP,,0.5,,
2019,VR30N,GR,TOG,ARGIDA,ARGOSTIS  IDAHOENSIS,0.5,,
2019,VR33N,TR,TOV,ALNINC,ALNUS INCANA,60,,
2019,VR33N,TR,TOV,POPTRE,POPULUS TREMULOIDES ,15,,
2019,VR33N,TR,TSA,ALNINC,ALNUS INCANA,2,,
2019,VR33N,TR,TSA,POPTRE,POPULUS TREMULOIDES ,0.5,,
2019,VR33N,SH,SL,RIMBON,RIBES MONTIGENUM,1,,
2019,VR33N,SH,SM,RIBMON,RIBES MONTIGENUM,1,,
2019,VR33N,SS,TSS,SYMROT,SYMPHORICARPOS ROTUNDIFOLIUS,0.5,,
2019,VR33N,FB,TOF,OSMOCC,OSMORHIZA OCCIDENTALIS,0.5,,
2019,VR33N,TR,TSA,ABICON,ABIES CONCOLOR,0.5,,
2019,VR33N,TR,TOV,ABICON,ABIES CONCOLOR,8,,
2019,VR33N,TR,TOV,PINCON,PINUS CONTORTA,12,,
2019,VR33N,TR,TOV,PINCON,PINUS CONTORTA,0.5,,
2019,VR33N,FB,TOF,EPIANG,EPILOBIUM ANGUSTIFOLIUM,0.5,,
2019,VR33N,FB,TOF,AQUPUB,,0.5,,
2019,VR33N,FB,TOF,HERLAN,HERACLEUM LANATUM,5,,
2019,VR33N,FB,TOF,AGAURT,AGASTACHE URTICIFOLIA,1,,
2019,VR33N,FB,TOF,SENTRI,SENECIO TRIANGULARIS,3,,
2019,VR33N,FB,TOF,SENINT,SENECIO INTEGERRIMUS,0.5,,
2019,VR33N,FB,TOF,POTGLA,POTENTILLA GLANDULOSA,0.5,,
2019,VR33N,TR,TOF,SAILEM,,8,,
2019,VR33N,-,-,THAFEN,THALICTRUM FENDLERI,-,,
2019,VR33N,GR,TOG,ELYGLA,,1,,
2019,VR33N,GR,TOG,GYTRA,,0.5,,
2019,VR33N,GR,TOG,GLYELA,GLYCERIA ELATA,25,,
2019,VR35N,TR,TOV,POPTRE,POPULUS TREMULOIDES ,2,,5
2019,VR35N,TR,TOV,ABICON,ABIES CONCOLOR,67,,30
2019,VR35N,TR,TOV,PINCON,PINUS CONTORTA,21,,20
2019,VR35N,TR,TSA,ABICON,ABIES CONCOLOR,0.5,,tr
2019,VR35N,TR,TSA,PINCON,PINUS CONTORTA,0.5,,tr
2019,VR35N,TR,TSA,POPTRE,POPULUS TREMULOIDES ,2,,tr
2019,VR35N,SH,SL,SYMROT,SYMPHORICARPOS ROTUNDIFOLIUS,-,,0
2019,VR35N,SH,SM,RIBMON,RIBES MONTIGENUM,1,,1
2019,VR35N,FB,TOF,EQUARV,EQUISETUM ARVENSE,77,,23
2019,VR35N,FB,TOF,OSMOCC,OSMORHIZA OCCIDENTALIS,1,,
2019,VR35N,FB,TOF,FRAVIR,FRAGARIA VIRGINIANA,0.5,,
2019,VR35N,FB,TOF,PHAHAS,PHACELIA HASTATA,0.5,,
2019,VR35N,FB,TOF,THAFEN,THALICTRUM FENDLERI,1,,
2019,VR35N,FB,TOF,VERCAL,VERATRUM CALIFORNICUM,1,,
2019,VR35N,FB,TOF,MAISTE,MAIANTHEMUM STELLATA,0.5,,
2019,VR35N,FB,TOF,AQUPUB,,0.5,,
2019,VR35N,FB,TOF,AGAURT,AGASTACHE URTICIFOLIA,3,,
2019,VR35N,FB,TOF,LUPPUN,LUPINUS POLYPHYLUS,0.5,,
2019,VR35N,FB,TOF,ALLBISCE,,0.5,,
2019,VR35N,FB,TOF,SENTRI,SENECIO TRIANGULARIS,0.5,,
2019,VR35N,FB,TOF,HERLAN,HERACLEUM LANATUM,0.5,,
2019,VR35N,FB,TOF,MONODO,MONARDELLA ODORATISSIMA,1,,
2019,VR35N,FB,TOF,SIDORE,,0.5,,
2019,VR35N,FB,TOF,SENTRI,SENECIO TRIANGULARIS,10,,
2019,VR35N,FB,TOF,FRAVIR,FRAGARIA VIRGINIANA,1,,
2019,VR35N,FB,TOF,NASOFF,NASTURTIUM OFFICINALES,0.5,,
2019,VR35N,FB,TOF,CIRALP,CIRCAEA ALPINA,1,,
2019,VR35N,FB,TOF,PERPAR,,0.5,,
2019,VR35N,GR,TOG,ELYELY,ELYMUS ELYMOIDES,2,,2
2019,VR35N,GR,TOG,CARARC,CAREX  ARCTA,2,,
2019,VR35N,GR,TOG,EIYGLA,ELYMUS GLAUCUS,2,,
2019,VR35N,GR,TOG,ELITRA,ELYMUS TRACHICAULUS,2,,
2019,VR35N,GR,TOG,ARGSCA,ARGOSTIS  IDAHOENSIS,-,,
2019,VR4,TR,SL,ABIMAG,ABIES MAGNIFICA,8,,
2019,VR4,TR,SL,ABICON,ABIES CONCOLOR,13,,
2019,VR4,TR,SL,PINCON,PINUS CONTORTA,7,,
2019,VR4,TR,SL,ABISPP,,0.5,,
2019,VR4,TR,SL,PINCON,PINUS CONTORTA,0.5,,
2019,VR4,TR,SL,POPTRE,POPULUS TREMULOIDES ,1,,
2019,VR4,TR,SL,POPTRE,POPULUS TREMULOIDES ,0.5,,
2019,VR4,TR,SL,SYMROT,SYMPHORICARPOS ROTUNDIFOLIUS,0.5,,
2019,VR4,TR,SM,RIBMON,RIBES MONTIGENUM,3,,
2019,VR4,FB,TOF,KELGAL,KELLOGGIA GALIOIDES,-,,
2019,VR4,FB,TOF,SENTRI,SENECIO TRIANGULARIS,-,,
2019,VR4,FB,TOF,LUPPUN,LUPINUS POLYPHYLUS,-,,
2019,VR4,FB,TOF,OSMOCC,OSMORHIZA OCCIDENTALIS,-,,
2019,VR4,FB,TOF,PHAHAS,PHACELIA HASTATA,-,,
2019,VR4,FB,TOF,PHAEGE,PHACELIA EGENA,-,,
2019,VR4,FB,TOF,THAFEN,THALICTRUM FENDLERI,-,,
2019,VR4,FB,TOF,ACTRUB,ACTAEA RUBRA,-,,
2019,VR4,FB,TOF,HACMIC,,-,,
2019,VR4,FB,TOF,MENURV,,-,,
2019,VR4,FB,TOF,EPISPP,,-,,
2019,VR4,FB,TOF,EPISPP,,-,,
2019,VR4,FB,TOF,EPISPP,,-,,
2019,VR4,FB,TOF,LUPAND,LUPINUS ANDERSONII,-,,
2019,VR4,FB,TOF,VERCAL,VERATRUM CALIFORNICUM,-,,
2019,VR4,GR,TOG,CARARC,CAREX  ARCTA,0.5,,
2019,VR4,GR,TOG,POAWHE,POA WHEELERI,1,,
2019,VR4,GR,TOG,STIPA SPP,,1,,
2019,VR 40 E,TR,TOV,ABICON,ABIES CONCOLOR,10,,
2019,VR 40 E,TR,TSA,ABICON,ABIES CONCOLOR,1,,
2019,VR 40 E,TR,TOV,ABIMAG,ABIES MAGNIFICA,8,,
2019,VR 40 E,TR,TOV,PINJEF,PINUS JEFFREY,4,,
2019,VR 40 E,SH,SM,RIBCER,RIBES CEREUM,3,,
2019,VR 40 E,SH,SM,ARTTRI,ARTEMISIA TRIDENTALA,7,,
2019,VR 40 E,SH,SL,ARTTRI,ARTEMISIA TRIDENTALA,4,,
2019,VR 40 E,SH,SL,SYMROT,SYMPHORICARPOS ROTUNDIFOLIUS,2,,
2019,VR 40 E,SH,SL,SENFLA,,2,,
2019,VR 40 E,SH,SL,AMEUTA,AMELANCHIER UTAHENSIS,4,,
2019,VR 40 E,FB,TOF,ERINUD,ERIOGONUM NUDUM,0.5,,
2019,VR 40 E,FB,TOF,LUPAND,LUPINUS ANDERSONII,0.5,,
2019,VR 40 E,FB,TOF,WYEMOL,WYETHIA MOLLIS,1.5,,
2019,VR 40 E,FB,TOF,OSMOCC,OSMORHIZA OCCIDENTALIS,0.5,,
2019,VR 40 E,FB,TOF,ASTOCC,ASTER OCCIDENTALIS,0.5,,
2019,VR 40 E,FB,TOF,ARA SPP,ARABIS SP.,0.5,,
2019,VR 40 E,FB,TOF,IPOAGG,IPOMOPSIS AGGREGATA,0.5,,
2019,VR 40 E,FB,TOF,PEDSEM,PEDICULARIS ATTOLLENS,0.5,,
2019,VR 40 E,FB,TOF,VIOPIN,VIOLA PURPURERA,0.5,,
2019,VR 40 E,GR,TOG,ARGIDA,ARGOSTIS  IDAHOENSIS,1,,
2019,VR 40 E,GR,TOG,ELYELY,ELYMUS ELYMOIDES,0.5,,
2019,VR1,TR,TOV,ABIMAG,ABIES MAGNIFICA,20,,
2019,VR1,TR,TSA,ABIMAG,ABIES MAGNIFICA,0.5,,
2019,VR1,TR,TOV,PINMON,,2,,
2019,VR1,TR,TOV,TSUMER,TSUGA MERTENSIANA,1,,
2019,VR1,TR,TSA,TSUMER,TSUGA MERTENSIANA,0.5,,
2019,VR1,TR,TOV,PINCON,PINUS CONTORTA,0.5,,
2019,VR1,FB,TOF,SENINT,SENECIO INTEGERRIMUS,0.5,,
2019,VR1,FB,TOF,ARAHOL,ARABIS HOLBOELLII,0.5,,
2019,VR1,FB,TOF,PENNEW,PENSTEMON NEWBERRYI,0.5,,
2019,VR1,FB,TOF,SYMROT,SYMPHORICARPOS ROTUNDIFOLIUS,0.5,,
2019,VR1,GR,TOG,ARGIDA,ARGOSTIS  IDAHOENSIS,10,,
2019,VR10,TR,TOV,ABIMAG,ABIES MAGNIFICA,17,,
2019,VR10,TR,TSA,ABIMAG,ABIES MAGNIFICA,2,,
2019,VR10,TR,TOV,PINCON,PINUS CONTORTA,2,,
2019,VR10,TR,TSA,PINMON,,1,,
2019,VR10,FB,TOF,PENNEW,PENSTEMON NEWBERRYI,0.5,,
2019,VR10,FB,TOF,ASTBRE,ASTER BREWERII,0.5,,
2019,VR10,FB,TOF,ARASPI,,0.5,,
2019,VR10,FB,TOF,CORMAC,CORALLORHIZA MACULATA,0.5,,
2019,VR10,FB,TOF,UNKSPZ,,0.5,,
2019,VR10,FB,TOF,ASTSPI,,0.5,,
2019,VR10,GR,TOG,POASPI,,10,,
2019,VR10,GR,TOG,POASPI,,1,,
2019,VR10,FB,TOF,FB#8,,0.5,,
2019,VR10N,TR,TOV,PINMON,,7,,
2019,VR10N,TR,TOV,PINCON,PINUS CONTORTA,9,,
2019,VR10N,TR,TOV,ABIMAG,ABIES MAGNIFICA,13,,
2019,VR10N,TR,TSA,ABIMAG,ABIES MAGNIFICA,0.5,,
2019,VR10N,SH,SL,ARCNEW,ARCTOSTAPHILUS NEVADENSIS,20,,
2019,VR10N,SH,SL,SYMROT,SYMPHORICARPOS ROTUNDIFOLIUS,0.5,,
2019,VR10N,FB,TOF,STETEN,STEPHANOMERIA  TENUIFLORIA,0.5,,
2019,VR10N,GR,TOG,ARGIDA,ARGOSTIS  IDAHOENSIS,30,,
2019,VR10N,GR,TOG,CARROS,CAREX ROSSII,0.5,,
2019,VR10N,GR,TOG,STIPA OCC,,5,,
2019,VR11,FB,TOF,FB#9,,0.5,,
2019,VR11,TR,TOV,ABICON,ABIES CONCOLOR,19,,
2019,VR11,TR,TOV,PINMON,,16,,
2019,VR11,TR,TOV,ABIMAG,ABIES MAGNIFICA,10,,
2019,VR11,TR,TSA,PINMON,,0.5,,
2019,VR11,TR,TSA,ABICON,ABIES CONCOLOR,0.5,,
2019,VR11,FB,TOF,SENINT,SENECIO INTEGERRIMUS,0.5,,
2019,VR11,GR,TOG,CARROS,CAREX ROSSII,0.5,,
2019,VR11,GR,TOG,POALEP,POA LEPTOCOMA,0.5,,
2019,VR11,FB,TOF,KELGAL,KELLOGGIA GALIOIDES,0.5,,
2019,VR11,FB,TOF,PENMUR,,0.5,,
2019,VR11,FB,TOF,ARABIS SPP,,0.5,,
2019,VR11,FB,TOF,GAYDIF,GAYOPHYTUM DIFFUSUM,0.5,,
2019,VR11,FB,TOF,PEDSEM,PEDICULARIS ATTOLLENS,0.5,,
2019,VR11N,TR,TOV,ABIMAG,ABIES MAGNIFICA,57,,
2019,VR11N,TR,TOV,PINCON,PINUS CONTORTA,3,,
2019,VR11N,TR,TSA,PINCON,PINUS CONTORTA,0.5,,
2019,VR11N,TR,TSA,ABIMAG,ABIES MAGNIFICA,0.5,,
2019,VR11N,SH,SM,SYMROT,SYMPHORICARPOS ROTUNDIFOLIUS,0.5,,
2019,VR11N,FB,TOF,VIOPIN,VIOLA PURPURERA,0.5,,
2019,VR11N,FB,TOF,ARADRU,ARABIS DRUMMONDI,0.5,,
2019,VR11N,FB,TOF,HIEALB,HIERACIUM ALBIFLORUM,0.5,,
2019,VR11N,FB,TOF,KELGAL,KELLOGGIA GALIOIDES,0.5,,
2019,VR11N,FB,TOF,GAYDIF,GAYOPHYTUM DIFFUSUM,0.5,,
2019,VR11N,FB,TOF,DIECAN,,0.5,,
2019,VR11N,FB,TOF,PHAHYD,PHACELIA HYDROPHYLLOIDES,0.5,,
2019,VR11N,GR,TOG,CARROS,CAREX ROSSII,1,,
2019,VR11N,GR,TOG,ARGIDA,ARGOSTIS  IDAHOENSIS,1,,
2019,VR11N,GR,TOG,ELYELY,ELYMUS ELYMOIDES,0.5,,
2019,VR11N,GR,TOG,CARSPP,,0.5,,
2019,VR11N,GR,TOG,STIPA OCC,,0.5,,
2019,VR12,FB,TOF,ARAPLA,ARABIS PLATISPERMA,0.5,,
2019,VR12,TR,TOV,ABICON,ABIES CONCOLOR,55,,
2019,VR12,TR,TOV,ABIMAG,ABIES MAGNIFICA,5,,
2019,VR12,TR,TOV,PINCON,PINUS CONTORTA,4,,
2019,VR12,FB,TOF,SENINT,SENECIO INTEGERRIMUS,0.5,,
2019,VR12,SH,SM,RIBMON,RIBES MONTIGENUM,2,,
2019,VR12,FB,TOF,OSMCHI,OSMORHIZA CHILENSIS,0.5,,
2019,VR12,GR,TOG,ELIGLA,ELYMUS GLAUCUS,7,,
2019,VR12,GR,TOG,CARINT,CAREX INTEGRA,0.5,,
2019,VR12,FB,TOF,THAFEN,THALICTRUM FENDLERI,0.5,,
2019,VR12,FB,TOF,TRADIV,,0.5,,
2019,VR12,FB,TOF,PHAMUT,PHACELIA MUTABILIS,0.5,,
2019,VR12,SS,TSS,SYMROT,SYMPHORICARPOS ROTUNDIFOLIUS,0.5,,
2019,VR12,FB,TOF,THAOCC,,0.5,,
2019,VR12,FB,TOF,ALBINT,,0.5,,
2019,VR12,TOV,TSA,PINCON,PINUS CONTORTA,0.5,,
2019,VR12,TOV,TSA,ABISPP,,7,,
2019,VR12,FB,TOF,SENINT,SENECIO INTEGERRIMUS,0.5,,
2019,VR12,FB,TOF,GALTRI,GALIUM TRIFLORUM,0.5,,
2019,VR12,FB,TOF,VIOPUR,VIOLA PURPURERA,0.5,,
2019,VR12,FB,TOF,PERBOL,PERIDERIDIA  BOLANDERI,0.5,,
2019,VR12,FB,TOF,MAPIN,,0.5,,
2019,VR12,FB,TOF,TRADIV,,0.5,,
2019,VR12N,TR,TOV,ABIMAG,ABIES MAGNIFICA,80,,
2019,VR12N,TR,TSA,ABIMAG,ABIES MAGNIFICA,0.5,,
2019,VR12N,TR,TSA,POPTRE,POPULUS TREMULOIDES ,0.5,,
2019,VR12N,TR,TOV,PINCON,PINUS CONTORTA,3,,
2019,VR12N,SH,SL,RIBMON,RIBES MONTIGENUM,10,,
2019,VR12N,SH,SM,RIBMON,RIBES MONTIGENUM,2,,
2019,VR12N,SH,SL,SYMROT,SYMPHORICARPOS ROTUNDIFOLIUS,0.5,,
2019,VR12N,TR,TSA,PINCON,PINUS CONTORTA,0.5,,
2019,VR12N,SH,SL,AMEUTA,AMELANCHIER UTAHENSIS,0.5,,
2019,VR12N,FB,TOF,OSMOCC,OSMORHIZA OCCIDENTALIS,2,,
2019,VR12N,FB,TOF,SENINT,SENECIO INTEGERRIMUS,10,,
2019,VR12N,FB,TOF,SENTRI,SENECIO TRIANGULARIS,5,,
2019,VR12N,FB,TOF,KELGAL,KELLOGGIA GALIOIDES,0.5,,
2019,VR12N,FB,TOF,VIOPIN,VIOLA PURPURERA,0.5,,
2019,VR12N,FB,TOF,THAFEN,THALICTRUM FENDLERI,0.5,,
2019,VR12N,FB,TOF,ASTBRE,ASTER BREWERII,0.5,,
2019,VR12N,FB,TOF,EPIANG,EPILOBIUM ANGUSTIFOLIUM,0.5,,
2019,VR12N,FB,TOF,GALTRI,GALIUM TRIFLORUM,0.5,,
2019,VR12N,FB,TOF,AQUPUB,AQUILEGIA PUBESCENS,0.5,,
2019,VR12N,FB,TOF,PACHBOL,,0.5,,
2019,VR12N,FB,TOF,ASTOCC,ASTER OCCIDENTALIS,0.5,,
2019,VR12N,FB,TOF,ERYCAP,ERYSIMUM CAPITATUM,0.5,,
2019,VR12N,FB,TOF,LUPBRE,,0.5,,
2019,VR12N,FB,TOF,VIOPUR,VIOLA PURPURERA,0.5,,
2019,VR12N,FB,TOF,AGAURT,AGASTACHE URTICIFOLIA,0.5,,
2019,VR12N,FB,TOF,ARADRU,ARABIS DRUMMONDI,0.5,,
2019,VR12N,FB,TOF,ARADIV,ARABIS DIVARICARPA,0.5,,
2019,VR12N,GR,TOG,EIYGLA,ELYMUS GLAUCUS,6,,
2019,VR12N,GR,TOG,CARSPP,,0.5,,
2019,VR12N,GR,TOG,ELYELY,ELYMUS ELYMOIDES,0.5,,
2019,VR12N,GR,TOG,ELYTRA,ELYMUS TRACHICAULUS,2,,
2019,VR12N,GR,TOG,AGRPAL,,1,,
2019,VR12N,GR,TOG,CARROS,CAREX ROSSII,0.5,,
2019,VR12N,GR,TOG,BROCAR,BROMUS CARINATUS,0.5,,
2019,VR12N,GR,TOG,GLIELA,GLYCERIA ELATA,0.5,,
2019,VR12N,GR,TOG,MUHJOR,MUHLENBERGIA JONESII,0.5,,
2019,VR13,FB,TOF,HACMIC,,0.5,,
2019,VR13,TR,TOV,PINCON,PINUS CONTORTA,12,,
2019,VR13,TR,TOV,ABICON,ABIES CONCOLOR,45,,
2019,VR13,TR,TOV,ALNINC,ALNUS INCANA,18,,
2019,VR13,SH,SM,RIBMON,RIBES MONTIGENUM,30,,
2019,VR13,TR,TOV,POPTRE,POPULUS TREMULOIDES ,2,,
2019,VR13,TR,TSA,POPTRE,POPULUS TREMULOIDES ,0.5,,
2019,VR13,GR,TOG,CARINT,CAREX INTEGRA,0.5,,
2019,VR13,FB,TOF,VERCAL,VERATRUM CALIFORNICUM,1,,
2019,VR13,FB,TOF,SENTRI,SENECIO TRIANGULARIS,1,,
2019,VR13,GR,TOG,GLYELA,GLYCERIA ELATA,5,,
2019,VR13,FB,TOF,MIMTIL,MIMULUS TILINGII,0.5,,
2019,VR13,FB,TOF,LISCAN,,0.5,,
2019,VR13,SS,TSS,SYMROT,SYMPHORICARPOS ROTUNDIFOLIUS,1,,
2019,VR13,FB,TOF,LUPPOL,LUPINUS POLYPHYLUS,1,,
2019,VR13,FB,TOF,THAOCC,,0.5,,
2019,VR13,GR,TOG,EIYGLA,ELYMUS GLAUCUS,2,,
2019,VR13,FB,TOF,MAISTE,MAIANTHEMUM STELLATA,0.5,,
2019,VR13,FB,TOF,GALBIF,GALIUM BIFOLIUM,0.5,,
2019,VR13,FB,TOF,VALCAL,VALERIANA CALIFORNIA,0.5,,
2019,VR13,FB,TOF,POTGLA,POTENTILLA GLANDULOSA,0.5,,
2019,VR13,SH,TSS,CORSER,CORNUS SERICEA,2,,
2019,VR13,TOV,TSA,PINCON,PINUS CONTORTA,0.5,,
2019,VR13,TOV,TSA,ABICON,ABIES CONCOLOR,0.5,,
2019,VR13,FB,TOF,THAFEN,THALICTRUM FENDLERI,0.5,,
2019,VR13,FB,TOF,ACTRUB,ACTAEA RUBRA,30,,
2019,VR13,FB,TOF,EPILOB,,0.5,,
2019,VR13,FB,TOF,OSMCHI,OSMORHIZA CHILENSIS,0.5,,
2019,VR13,FB,TOF,NASOFF,NASTURTIUM OFFICINALE,0.5,,
2019,VR13,FB,TOF,SOLCAN,SOLIDAGO CANADENSIS,0.5,,
2019,VR13,FB,TOF,AGAURT,AGASTACHE URTICIFOLIA,0.5,,
2019,VR13,FB,TOF,SENINT,SENECIO INTEGERRIMUS,0.5,,
2019,VR13,FB,TOF,HEUMIC,HEUCHERA MICRANTHA,0.5,,
2019,VR13,GR,TOG,FESRUB,FESTUCA RUBRA,0.5,,
2019,VR13N,TR,TOV,PINCON,PINUS CONTORTA,13,,
2019,VR13N,TR,TSA,ABISPP,,2,,
2019,VR13N,TR,TOV,ABICON,ABIES CONCOLOR,5,,
2019,VR13N,TR,TOV,ABIMAG,ABIES MAGNIFICA,-,,
2019,VR13N,TR,TSA,SALLEM,SALIX LEMONII,0.5,,
2019,VR13N,TR,TSA,POPTRE,POPULUS TREMULOIDES ,0.5,,
2019,VR13N,TR,TOV,PINJEF,PINUS JEFFREY,15,,
2019,VR13N,SH,SL,RIBMON,RIBES MONTIGENUM,25,,
2019,VR13N,SH,SL,SYMROT,SYMPHORICARPOS ROTUNDIFOLIUS,1,,
2019,VR13N,SH,SM,RIBMON,RIBES MONTIGENUM,1,,
2019,VR13N,SH,SL,PRUVIN,,0.5,,
2019,VR13N,SH,SL,AMEUTA,AMELANCHIER UTAHENSIS,0.5,,
2019,VR13N,FB,TOF,OSMOCC,OSMORHIZA OCCIDENTALIS,0.5,,
2019,VR13N,FB,TOF,LUPLEP,,0.5,,
2019,VR13N,FB,TOF,SENTRI,SENECIO TRIANGULARIS,15,,
2019,VR13N,FB,TOF,GALTRI,GALIUM TRIFLORUM,0.5,,
2019,VR13N,FB,TOF,THAFEN,THALICTRUM FENDLERI,0.5,,
2019,VR13N,FB,TOF,PACHBOL,,0.5,,
2019,VR13N,FB,TOF,ACTRUB,ACTAEA RUBRA,0.5,,
2019,VR13N,FB,TOF,PYRASA,PYROLA ASARIFOLIA,0.5,,
2019,VR13N,FB,TOF,MIMBRE,MIMULUS BREWERI,0.5,,
2019,VR13N,FB,TOF,SENINT,SENECIO INTEGERRIMUS,0.5,,
2019,VR13N,FB,TOF,EPIANG,EPILOBIUM ANGUSTIFOLIUM,0.5,,
2019,VR13N,FB,TOF,AQUPUB,AQUILEGIA PUBESCENS,0.5,,
2019,VR13N,FB,TOF,MIMTIL,MIMULUS TILINGII,0.5,,
2019,VR13N,FB,TOF,POTGLA,POTENTILLA GLANDULOSA,0.5,,
2019,VR13N,FB,TOF,EPICIL,EPILOBIUM CILIATUM,0.5,,
2019,VR13N,FB,TOF,ADEBIC,,0.5,,
2019,VR13N,FB,TOF,NASOFF,NASTURTIUM OFFICINALE,0.5,,
2019,VR13N,FB,TOF,TAROFF,,0.5,,
2019,VR13N,FB,TOF,AGAURT,AGASTACHE URTICIFOLIA,0.5,,
2019,VR13N,FB,TOF,KELGAL,KELLOGGIA GALIOIDES,0.5,,
2019,VR13N,FB,TOF,VIOPIN,VIOLA PURPURERA,0.5,,
2019,VR13N,FB,TOF,HIEALB,HIERACIUM ALBIFLORUM,0.5,,
2019,VR13N,GR,TOG,EIYGLA,ELYMUS GLAUCUS,1,,
2019,VR13N,GR,TOG,CORSER,CORNUS SERICEA,0.5,,
2019,VR13N,GR,TOG,GLYELA,GLYCERIA ELATA,20,,
2019,VR13N,GR,TOG,CARINT,CAREX INTEGRA,0.5,,
2019,VR13N,GR,TOG,ARGIDA,ARGOSTIS  IDAHOENSIS,0.5,,
2019,VR13N,GR,TOG,CARROS,CAREX ROSSII,0.5,,
2019,VR14,FB,TOF,VIOPUR,VIOLA PURPURERA,0.5,,
2019,VR14,TR,TOV,ABICON,ABIES CONCOLOR,72,,
2019,VR14,TR,TOV,ABIMAG,ABIES MAGNIFICA,0.5,,
2019,VR14,TR,TOV,PINJEF,PINUS JEFFREY,0.5,,
2019,VR14,TR,TSA,ABIMAG,ABIES MAGNIFICA,0.5,,
2019,VR14,TR,TSA,ABICON,ABIES CONCOLOR,0.5,,
2019,VR14,SL,SL,RIBMON,RIBES MONTIGENUM,0.5,,
2019,VR14,SM,SM,SYMROT,SYMPHORICARPOS ROTUNDIFOLIUS,0.5,,
2019,VR14,SL,SL,ARCTRI,ARTEMISIA TRIDENTALA,0.5,,
2019,VR14,FB,TOF,LINNUT,LINANTHUS NUTTALLII,0.5,,
2019,VR14,FB,TOF,PEDSEM,PEDICULARIS ATTOLLENS,0.5,,
2019,VR14,FB,TOF,ARADIV,ARABIS DIVARICARPA,0.5,,
2019,VR14,FB,TOF,VIOPUR,VIOLA PURPURERA,0.5,,
2019,VR14,FB,TOF,ARAHOL,ARABIS HOLBOELLII,0.5,,
2019,VR14,FB,TOF,GAYDIF,GAYOPHYTUM DIFFUSUM,0.5,,
2019,VR14,FB,TOF,LUPAND,LUPINUS ANDERSONII,0.5,,
2019,VR14,FB,TOF,STETEN,STEPHANOMERIA  TENUIFLORIA,0.5,,
2019,VR14,GR,TOG,POAWHE,POA WHEELERI,2,,
2019,VR14,GR,TOG,CARARC,CAREX  ARCTA,20,,
2019,VR14,GR,TOG,ELYELY,ELYMUS ELYMOIDES,3,,
2019,VR15,FB,TOF,PHAEGE,PHACELIA EGENA,0.5,,
2019,VR16,TR,TOV,PINJEF,PINUS JEFFREY,19,,
2019,VR16,TR,TOV,PINCON,PINUS CONTORTA,19,,
2019,VR16,TR,TOV,ABICON,ABIES CONCOLOR,30,,
2019,VR16,SH,SM,PYMROT,,4,,
2019,VR16,SS,TSS,SYMROT,SYMPHORICARPOS ROTUNDIFOLIUS,7,,
2019,VR16,SH,SM,ARTCAN,ARTEMISIA CANA,4,,
2019,VR16,SH,SM,RIBCER,RIBES CEREUM,2,,
2019,VR16,GR,TOG,ELYELY,ELYMUS ELYMOIDES,0.5,,
2019,VR16,GR,TOG,CARROS,CAREX ROSSII,0.5,,
2019,VR16,FB,TOF,ERINUD,ERIOGONUM NUDUM,0.5,,
2019,VR16,FB,TOF,ARAPLA,ARABIS PLATISPERMA,0.5,,
2019,VR16,GR,TOG,ARGIDA,ARGOSTIS  IDAHOENSIS,0.5,,
2019,VR16,FB,TOF,GAYDIF,GAYOPHYTUM DIFFUSUM,0.5,,
2019,VR16,FB,TOF,LUPAND,LUPINUS ANDERSONII,0.5,,
2019,VR16,SH,SM,ARCPAT,ARCTOSTAPHYLOS PATULA,1,,
2019,VR16,FB,TOF,PEDSEM,PEDICULARIS ATTOLLENS,0.5,,
2019,VR16,TR,TSA,ABICON,ABIES CONCOLOR,0.5,,
2019,VR16,FB,TOF,EPISPP,,0.5,,
2019,VR16N,TR,TOV,ABICON,ABIES CONCOLOR,5.6,,
2019,VR16N,TR,TOV,PINCON,PINUS CONTORTA,38.5,,
2019,VR16N,TR,TSA,ABICON,ABIES CONCOLOR,0.5,,
2019,VR16N,SH,SM,RIBMON,RIBES MONTIGENUM,0.5,,
2019,VR16N,GR,TOG,CARROS,CAREX ROSSII,0.5,,
2019,VR16N,TR,TSA,PINCON,PINUS CONTORTA,0.5,,
2019,VR16N,FB,TOF,VIOPUR,VIOLA PURPURERA,0.5,,
2019,VR16N,FB,TOF,THAFEN,THALICTRUM FENDLERI,0.5,,
2019,VR16N,FB,TOF,VIOPIN,VIOLA PURPURERA,0.5,,
2019,VR17,FB,TOF,FB#10,,0.5,,
2019,VR18,FB,TOF,FB#11,,0.5,,
2019,VR19,TR,TOV,ABIMAG,ABIES MAGNIFICA,13,,
2019,VR19,TR,TSA,ABIMAG,ABIES MAGNIFICA,3,,
2019,VR19,TR,TOV,PINCON,PINUS CONTORTA,10,,
2019,VR19,TR,TOV,PINMON,,9,,
2019,VR19,TR,TSA,PINCON,PINUS CONTORTA,0.5,,
2019,VR19,TR,TSA,PINCON,PINUS CONTORTA,0.5,,
2019,VR19,SH,SM,PINMON,,1,,
2019,VR19,SH,TSS,SYMROT,SYMPHORICARPOS ROTUNDIFOLIUS,0.5,,
2019,VR19,FB,TOF,PEDSEM,PEDICULARIS ATTOLLENS,0.5,,
2019,VR19,FB,TOF,GAYDIF,GAYOPHYTUM DIFFUSUM,0.5,,
2019,VR2,TR,TOV,ABIMAG,ABIES MAGNIFICA,13,,
2019,VR2,TR,TOV,ABICON,ABIES CONCOLOR,7,,
2019,VR2,TR,TOV,PINCON,PINUS CONTORTA,11,,
2019,VR2,TR,TSA,ABIMAG,ABIES MAGNIFICA,0.5,,
2019,VR2,TR,TSA,PINCON,PINUS CONTORTA,0.5,,
2019,VR2,TR,TSA,ABICON,ABIES CONCOLOR,0.5,,
2019,VR2,SH,SL,SYMROT,SYMPHORICARPOS ROTUNDIFOLIUS,0.5,,
2019,VR2,FB,TOF,PHARAM,PHACELIA RAMOSISSIMA,0.5,,
2019,VR2,FB,TOF,DENNAN,,0.5,,
2019,VR2,FB,TOF,KELGAL,KELLOGGIA GALIOIDES,0.5,,
2019,VR2,FB,TOF,FB#9,,0.5,,
2019,VR2,FB,TOF,EPISPP,,0.5,,
2019,VR2,FB,TOF,FB#12,,0.5,,
2019,VR2,FB,TOF,FB#13,,0.5,,
2019,VR2,FB,TOF,GAYDIF,GAYOPHYTUM DIFFUSUM,0.5,,
2019,VR2,GR,TOG,POA,,0.5,,
2019,VR20,TR,TSA,FRAXVEL,FRAXINUS VELUTINA,0.5,,
2019,VR20,GR,TOG,ELYELY,ELYMUS ELYMOIDES,0.5,,
2019,VR20,TR,TOV,ABIMAG,ABIES MAGNIFICA,40,,
2019,VR20,TR,TOV,PINCON,PINUS CONTORTA,37,,
2019,VR20,TR,TOV,PINMON,,9,,
2019,VR20,TR,TSA,ABIMAG,ABIES MAGNIFICA,2,,
2019,VR20,TR,TSA,PINCON,PINUS CONTORTA,0.5,,
2019,VR20,GR,TOG,CARROS,CAREX ROSSII,1,,
2019,VR20,GR,TOG,ARGIDA,ARGOSTIS  IDAHOENSIS,0.5,,
2019,VR20,FB,TOF,HIEALB,HIERACIUM ALBIFLORUM,0.5,,
2019,VR20,SH,SL,SYMROT,SYMPHORICARPOS ROTUNDIFOLIUS,0.5,,
2019,VR20,FB,TOF,KELGAL,KELLOGGIA GALIOIDES,0.5,,
2019,VR20N,TR,TOV,Pinjef,PINUS JEFFREY,3,,
2019,VR20N,TR,TOV,PINCON,PINUS CONTORTA,8,,
2019,VR20N,TR,TOV,AbiMAG,ABIES MAGNIFICA,28,,
2019,VR20N,TR,TOV,PINCON,PINUS CONTORTA,1,,
2019,VR20N,TR,TSA,PINJEF,PINUS JEFFREY,0.5,,
2019,VR20N,TR,TSA,ABIMAG,ABIES MAGNIFICA,0.5,,
2019,VR20N,SS,TSS,PINCON,PINUS CONTORTA,0.5,,
2019,VR20N,FB,TOF,ARADIV,ARABIS DIVARICARPA,0.5,,
2019,VR20N,FB,TOF,STETEN,STEPHANOMERIA  TENUIFLORIA,0.5,,
2019,VR20N,GR,TOG,CARROS,CAREX ROSSII,0.5,,
2019,VR20N,GR,TOG,ARGIDA,ARGOSTIS  IDAHOENSIS,1,,
2019,VR20N,GR,TOG,ELYEIY,ELYMUS ELYMOIDES,0.5,,
2019,VR20N,GR,TOG,STIPA SP.,,0.5,,
2019,VR21,FB,TOF,KELGAL,KELLOGGIA GALIOIDES,0.5,,
2019,VR21,GR,TOG,POA,,0.5,,
2019,VR21,TR,TOV,PINCON,PINUS CONTORTA,38,,
2019,VR21,TR,TOV,ABIMAG,ABIES MAGNIFICA,12,,
2019,VR21,TR,TSA,ABISPP,,0.5,,
2019,VR21,SH,SM,ARTTRI,ARTEMISIA TRIDENTALA,1,,
2019,VR21,SH,SM,SYMROT,SYMPHORICARPOS ROTUNDIFOLIUS,1,,
2019,VR21,FB,TOF,ASTOCC,ASTER OCCIDENTALIS,0.5,,
2019,VR21,TR,TSA,PINCON,PINUS CONTORTA,0.5,,
2019,VR21,GR,TOG,CARROS,CAREX ROSSII,7,,
2019,VR21,GR,TOG,ELYELY,ELYMUS ELYMOIDES,1,,
2019,VR21,FB,TOF,VIOPIN,VIOLA PURPURERA,0.5,,
2019,VR21,FB,TOF,SENTRI,SENECIO TRIANGULARIS,0.5,,
2019,VR21,SH,SM,RIBMON,RIBES MONTIGENUM,0.5,,
2019,VR21,FB,TOF,APOAND,APOCYNUM ANDROSAEMIFOLIUM,0.5,,
2019,VR21,FB,TOF,ARAHOL,ARABIS HOLBOELLII,0.5,,
2019,VR21,FB,TOF,GAYDIF,GAYOPHYTUM DIFFUSUM,0.5,,
2019,VR21,GR,TOG,FESRUB,FESTUCA RUBRA,0.5,,
2019,VR21,FB,TOF,SENINT,SENECIO INTEGERRIMUS,0.5,,
2019,VR21,FB,TOF,PHARAM,PHACELIA RAMOSISSIMA,0.5,,
2019,VR21,GR,TOG,ARGIDA,ARGOSTIS  IDAHOENSIS,0.5,,
2019,VR21,GR,TOG,CARINT,CAREX INTEGRA,0.5,,
2019,VR21,GR,TOG,MUHJ0N,MUHLENBERGIA JONESII,0.5,,
2019,VR21,GR,TOG,ELYELY,ELYMUS ELYMOIDES,0.5,,
2019,VR21,FB,TOF,ARADIV,ARABIS DIVARICARPA,0.5,,
2019,VR21N,TR,TOV,PINJEF,PINUS JEFFREY,3,,
2019,VR21N,TR,TOV,PINMON, ,3,,
2019,VR21N,TR,TOV,PINCON,PINUS CONTORTA,37,,
2019,VR21N,TR,TOV,ABIMAG,ABIES MAGNIFICA,30,,
2019,VR21N,SH,SM,ARTTRI,ARTEMISIA TRIDENTALA,0.5,,
2019,VR21N,TR,TSA,ABIMAG,ABIES MAGNIFICA,2,,
2019,VR21N,SH,SL,PINMON,,1,,
2019,VR21N,TR,TSA,PINMON,,1,,
2019,VR21N,FB,TOF,ASTOCC,ASTER OCCIDENTALIS,3,,
2019,VR21N,FB,TOF,ARADIV,ARABIS DIVARICARPA,0.5,,
2019,VR21N,FB,TOF,GRINV,,0.5,,
2019,VR21N,FB,TOF,ARADIV,ARABIS DIVARICARPA,0.5,,
2019,VR21N,FB,TOF,VIOPIN,VIOLA PURPURERA,0.5,,
2019,VR21N,FB,TOF,ERYCAP,ERYSIMUM CAPITATUM,0.5,,
2019,VR21N,FB,TOF,GAYDIF,GAYOPHYTUM DIFFUSUM,0.5,,
2019,VR21N,GR,TOG,CARROS,CAREX ROSSII,1,,
2019,VR21N,GR,TOG,CARINT,CAREX INTEGRA,4,,
2019,VR21N,GR,TOG,ELYEIY,ELYMUS ELYMOIDES,0.5,,
2019,VR21N,GR,TOG,EIYGLA,ELYMUS GLAUCUS,2.5,,
2019,VR21N,GR,TOG,MUHRIC,,0.5,,
2019,VR22,FB,TOF,PYRPIC,PYROLA PICTA,0.5,,
2019,VR22,TR,TSA,ABIMAG,ABIES MAGNIFICA,23,,
2019,VR22,TR,TSA,ABICON,ABIES CONCOLOR,1,,
2019,VR22,TR,TSA,PINCON,PINUS CONTORTA,0.5,,
2019,VR22,TR,TOV,ABICON,ABIES CONCOLOR,0.5,,
2019,VR22,TR,TOV,ABIMAG,ABIES MAGNIFICA,0.5,,
2019,VR22,SH,SM,ARCTRI,ARTEMISIA TRIDENTALA,0.5,,
2019,VR22,SH,SM,SYMROT,SYMPHORICARPOS ROTUNDIFOLIUS,0.5,,
2019,VR22,SH,SM,SHRNAU,,1,,
2019,VR22,SH,SM,RIBMON,RIBES MONTIGENUM,0.5,,
2019,VR22,FB,TOF,ERINUD,ERIOGONUM NUDUM,0.5,,
2019,VR22,FB,TOF,PEDSEM,PEDICULARIS ATTOLLENS,0.5,,
2019,VR22,FB,TOF,LUPAND,LUPINUS ANDERSONII,0.5,,
2019,VR22,FB,TOF,CALMON,CALYPTRIDIUM MONOSPERMUM,0.5,,
2019,VR22,FB,TOF,VIOPUR,VIOLA PURPURERA,0.5,,
2019,VR22,FB,TOF,PHAHAS,PHACELIA HASTATA,0.5,,
2019,VR22,FB,TOF,ARADIV,ARABIS DIVARICARPA,0.5,,
2019,VR22,FB,TOF,KELGAL,KELLOGGIA GALIOIDES,0.5,,
2019,VR22,FB,TOF,GAYDIF,GAYOPHYTUM DIFFUSUM,0.5,,
2019,VR22,GR,TOG,CARARC,CAREX  ARCTA,1,,
2019,VR22,GR,TOG,ELYELY,ELYMUS ELYMOIDES,1,,
2019,VR22 N,TR,TOV,ALNINC,ALNUS INCANA,85,,
2019,VR22 N,TR,TOV,ABICON,ABIES CONCOLOR,6,,
2019,VR22 N,TR,TOV,PINCON,PINUS CONTORTA,30,,
2019,VR22 N,TR,TSA,ABISPP,,7,,
2019,VR22 N,SH,SL,RIBMON,RIBES MONTIGENUM,5,,
2019,VR22 N,SH,SM,RIBMON,RIBES MONTIGENUM,5,,
2019,VR22 N,FB,TOF,THAFEN,THALICTRUM FENDLERI,0.5,,
2019,VR22 N,FB,TOF,SENTRI,SENECIO TRIANGULARIS,10,,
2019,VR22 N,SH,SM,CORSER,CORNUS SERICEA,0.5,,
2019,VR22 N,FB,TOF,ACTRUB,ACTAEA RUBRA,3,,
2019,VR22 N,TR,TSA,ALNINC,ALNUS INCANA,2,,
2019,VR22 N,FB,TOF,EPIANG,EPILOBIUM ANGUSTIFOLIUM,0.5,,
2019,VR22 N,FB,TOF,PYRASA,PYROLA ASARIFOLIA,0.5,,
2019,VR22 N,FB,TOF,MIMTIL,MIMULUS TILINGII,0.5,,
2019,VR22 N,FB,TOF,GALIUM SP,,0.5,,
2019,VR22 N,FB,TOF,OSMOCC,OSMORHIZA OCCIDENTALIS,0.5,,
2019,VR22 N,FB,TOF,ORTMAY,,3,,
2019,VR22 N,FB,TOF,AQUPUB,,0.5,,
2019,VR22 N,GR,TOG,EIYGLA,ELYMUS GLAUCUS,7,,
2019,VR22 N,-,-,GLYELA,GLYCERIA ELATA,25,,
2019,VR23,FB,TOF,ARADIV,ARABIS DIVARICARPA,0.5,,
2019,VR23,TR,TOV,ABICON,ABIES CONCOLOR,87,,
2019,VR23,TR,TOV,PINCON,PINUS CONTORTA,2,,
2019,VR23,TR,TSA,ABICON,ABIES CONCOLOR,0.5,,
2019,VR23,TR,TSA,PINCON,PINUS CONTORTA,0.5,,
2019,VR23,SH,SL,ARTTRI,ARTEMISIA TRIDENTALA,0.5,,
2019,VR23,SH,SL,SYMROT,SYMPHORICARPOS ROTUNDIFOLIUS,0.5,,
2019,VR23,TR,TOV,ALNINC,ALNUS INCANA,1,,
2019,VR23,SH,SL,RIBMON,RIBES MONTIGENUM,1,,
2019,VR23,TR,TOV,ABIMAG,ABIES MAGNIFICA,5,,
2019,VR23,TR,TSA,ABIMAG,ABIES MAGNIFICA,0.5,,
2019,VR23,SH,SM,RIBCER,RIBES CEREUM,0.5,,
2019,VR23,FB,TOF,VIOPUR,VIOLA PURPURERA,0.5,,
2019,VR23,FB,TOF,OSMOCC,OSMORHIZA OCCIDENTALIS,0.5,,
2019,VR23,FB,TOF,ERINUD,ERIOGONUM NUDUM,0.5,,
2019,VR23,FB,TOF,LUPPOL,LUPINUS POLYPHYLUS,0.5,,
2019,VR23,FB,TOF,CYMTER,,0.5,,
2019,VR23,FB,TOF,SENINT,SENECIO INTEGERRIMUS,1,,
2019,VR23,FB,TOF,PHAHAS,PHACELIA HASTATA,0.5,,
2019,VR23,FB,TOF,MONODO,MONARDELLA ODORATISSIMA,0.5,,
2019,VR23,FB,TOF,THAFEN,THALICTRUM FENDLERI,0.5,,
2019,VR23,FB,TOF,SENTRI,SENECIO TRIANGULARIS,1,,
2019,VR23,FB,TOF,AQUPUB,AQUILEGIA PUBESCENS,0.1,,
2019,VR23,FB,TOF,KELGAL,KELLOGGIA GALIOIDES,0.5,,
2019,VR23,FB,TOF,CEAVEL,CEANOTHUS VELUTINUS,0.5,,
2019,VR23,FB,TOF,EPIANG,EPILOBIUM ANGUSTIFOLIUM,0.5,,
2019,VR23,FB,TOF,AGAURT,AGASTACHE URTICIFOLIA,0.5,,
2019,VR23,FB,TOF,PLALEU,,0.5,,
2019,VR23,FB,TOF,RORNAS,RORRIPANASTUTIUM -AQUATICUM,0.5,,
2019,VR23,FB,TOF,STAALB,,0.5,,
2019,VR23,FB,TOF,ARAHOL,ARABIS HOLBOELLII,0.5,,
2019,VR23,FB,TOF,CUSCAL,CUSCUTA CALIFORNICA,0.5,,
2019,VR23,FB,TOF,VIOPIN,VIOLA PURPURERA,0.5,,
2019,VR23,FB,TOF,VIOMAC,VIOLA MAKLOSKEYI,0.5,,
2019,VR23,FB,TOF,PHAMUT,PHACELIA MUTABILIS,0.5,,
2019,VR23,GR,TOG,BROCAR,BROMUS CARINATUS,0.5,,
2019,VR23,GR,TOG,POAWHE,POA WHEELERI,0.5,,
2019,VR23,GR,TOG,ARGIDA,ARGOSTIS  IDAHOENSIS,0.5,,
2019,VR23,GR,TOG,CARARC,CAREX  ARCTA,0.5,,
2019,VR23,GR,TOG,ELIGLA,ELYMUS GLAUCUS,3,,
2019,VR23,GR,TOG,CARROS,CAREX ROSSII,0.5,,
2019,VR24,FB,TOF,HERLAN,HERACLEUM LANATUM,0.5,,
2019,VR24,TR,TOV,ABICON,ABIES CONCOLOR,43,,
2019,VR24,TR,TOV,PINCON,PINUS CONTORTA,40,,
2019,VR24,TR,TSA,ABICON,ABIES CONCOLOR,0.5,,
2019,VR24,TR,TSA,PINCON,PINUS CONTORTA,0.5,,
2019,VR24,SH,SL,RIBMON,RIBES MONTIGENUM,0.5,,
2019,VR24,FB,TOF,KELGAL,KELLOGGIA GALIOIDES,0.5,,
2019,VR24,FB,TOF,SENINT,SENECIO INTEGERRIMUS,0.5,,
2019,VR24,GR,TOG,CARGON,,0.5,,
2019,VR24,GR,TOG,ELYELY,ELYMUS ELYMOIDES,5,,
2019,VR24,FB,TOF,PHAHAS,PHACELIA HASTATA,0.5,,
2019,VR24,FB,TOF,SYMROT,SYMPHORICARPOS ROTUNDIFOLIUS,0.5,,
2019,VR24,FB,TOF,OSMOCC,OSMORHIZA OCCIDENTALIS,0.5,,
2019,VR24,TR,TOV,ABIMAG,ABIES MAGNIFICA,7,,
2019,VR24,FB,TOF,THAFEN,THALICTRUM FENDLERI,0.5,,
2019,VR24,FB,TOG,CARINT,CAREX INTEGRA,20,,
2019,VR24,FB,TOF,VIOPUR,VIOLA PURPURERA,0.5,,
2019,VR24,FB,TOF,PEDSEM,PEDICULARIS ATTOLLENS,0.5,,
2019,VR24,GR,TOG,EIYGLA,ELYMUS GLAUCUS,10,,
2019,VR24,FB,TOF,GAYDIF,GAYOPHYTUM DIFFUSUM,0.5,,
2019,VR24,GR,TOG,ELYELY,ELYMUS ELYMOIDES,0.5,,
2019,VR24,FB,TOF,SWERAD,SWERTIA RADIATA,0.5,,
2019,VR24,FB,TOF,AQUPUB,AQUILEGIA PUBESCENS,0.5,,
2019,VR24,GR,TOG,CARROS,CAREX ROSSII,0.5,,
2019,VR24 N,TR,TOV,ALNINC,ALNUS INCANA,80,,
2019,VR24 N,TR,TSA,ALNINC,ALNUS INCANA,35,,
2019,VR24 N,SH,SM,RIBMON,RIBES MONTIGENUM,0.5,,
2019,VR24 N,TR,TOV,PINCON,PINUS CONTORTA,8,,
2019,VR24 N,TR,TOV,ABICON,ABIES CONCOLOR,7,,
2019,VR24 N,SH,SL,SYMROT,SYMPHORICARPOS ROTUNDIFOLIUS,0.5,,
2019,VR24 N,FB,TOF,SENINT,SENECIO INTEGERRIMUS,5,,
2019,VR24 N,FB,TOF,ORTMAY,,3,,
2019,VR24 N,FB,TOF,AGAURT,AGASTACHE URTICIFOLIA,2,,
2019,VR24 N,FB,TOF,CORNIL,,2,,
2019,VR24 N,FB,TOF,SENTRI,SENECIO TRIANGULARIS,0.5,,
2019,VR24 N,FB,TOF,GALTRI,GALIUM TRIFLORUM,0.5,,
2019,VR24 N,FB,TOF,MIMTIL,MIMULUS TILINGII,0.5,,
2019,VR24 N,FB,TOF,OSMOCC,OSMORHIZA OCCIDENTALIS,0.5,,
2019,VR24 N,FB,TOF,MARCHANIIA,,0.5,,
2019,VR24 N,FB,TOF,THAFEN,THALICTRUM FENDLERI,0.5,,
2019,VR24 N,FB,TOF,EPIANG,EPILOBIUM ANGUSTIFOLIUM,0.5,,
2019,VR24 N,GR,TOG,GLYELA,GLYCERIA ELATA,40,,
2019,VR24 N,GR,TOG,ARGIDA,AGROSTIS IDAHOENSIS,0.5,,
2019,VR24 N,GR,TOG,EIYGLA,ELYMUS GLAUCUS,0.5,,
2019,VR25,GR,TOG ,ARGIDA,ARGOSTIS  IDAHOENSIS,0.5,,
2019,VR25,TR,TOV,ABICON,ABIES CONCOLOR,70,,
2019,VR25,TR,TOV,PINCON,PINUS CONTORTA,15,,
2019,VR25,TR,TSA,ABICON,ABIES CONCOLOR,0.5,,
2019,VR25,TR,TSA,PINJEF,PINUS JEFFREY,0.5,,
2019,VR25,FB,TOF,HACMIC,,0.5,,
2019,VR25,FB,TOF,SENINT,SENECIO INTEGERRIMUS,0.5,,
2019,VR25,FB,TOF,KELGAL,KELLOGGIA GALIOIDES,0.5,,
2019,VR25 N,TR,TOV,ABICON,ABIES CONCOLOR,55,,
2019,VR25 N,TR,TOV,ABIMAG,ABIES MAGNIFICA,6,,
2019,VR25 N,TR,TOV,PINJEF,PINUS JEFFREY,12,,
2019,VR25 N,TR,TOV,PINCON,PINUS CONTORTA,28,,
2019,VR25 N,TR,TSA,ABISPP,,0.5,,
2019,VR25 N,FB,TOF,SENINT,SENECIO INTEGERRIMUS,0.5,,
2019,VR25 N,GR,TOG,CARINT,CAREX INTEGRA,0.5,,
2019,VR25 N,FB,TOF,OSMOCC,OSMORHIZA OCCIDENTALIS,0.5,,
2019,VR25 N,FB,TOF,VIOPUR,VIOLA PURPURERA,0.5,,
2019,VR25 N,FB,TOF,KELGAR,KELLOGGIA GALIOIDES,0.5,,
2019,VR25 N,SH,SL,SYMROT,SYMPHORICARPOS ROTUNDIFOLIUS,0.5,,
2019,VR25 N,GR,TOV,CARROS,CAREX ROSSII,0.5,,
2019,VR25 S,TR,TOV,ABICON,ABIES CONCOLOR,5,,
2019,VR25 S,TR,TOV,PINJEF,PINUS JEFFREY,10,,
2019,VR25 S,TR,TOV,PINCON,PINUS CONTORTA,15,,
2019,VR25 S,FB,TOF,COLPAR,COLLINSIA PARVIFLORA,37,,
2019,VR25 S,FB,TOF,ARAHOL,ARABIS HOLBOELLII,0.5,,
2019,VR25 S,FB,TOF,SENINT,SENECIO INTEGERRIMUS,3,,
2019,VR25 S,GR,TOG,ELYELY,ELYMUS ELYMOIDES,25,,
2019,VR25 S,GR,TOG,POAWHE,POA WHEELERI,20,,
2019,VR25 S,GR,TOG,STIPA SPP,,0.5,,
2019,VR25 S,GR,TOG,CARARC,CAREX  ARCTA,0.5,,
2019,VR25 S,FB,TOF,LILPAR,LILIUM PARVUM,0.5,,
2019,VR25 S,FB,TOF,LILPAR,LILIUM PARVUM,1,,
2019,VR25 S,SH,SL,SYMROT,SYMPHORICARPOS ROTUNDIFOLIUS,0.5,,
2019,VR25 S,SH,SL,ARTTRI,ARTEMISIA TRIDENTALA,0.5,,
2019,VR25 S,TR,TSA,PINJEF,PINUS JEFFREY,0.5,,
2019,VR25 S,TR,TSA,ABICON,ABIES CONCOLOR,0.5,,
2019,VR25 S,FB,TOF,CREACI,,0.5,,
2019,VR25 S,FB,TOF,LINNUT,LINANTHUS NUTTALLII,0.5,,
2019,VR25 S,TR,TSA,ABICON,ABIES CONCOLOR,0.5,,
2019,VR25 S,FB,TOF,ARAPLA,ARABIS PLATISPERMA,0.5,,
2019,VR25 S,FB,TOF,GAYDIF,GAYOPHYTUM DIFFUSUM,0.5,,
2019,VR26,SH,SL,PRUSUB,PRUNUS SUBCORDATA,0.5,,
2019,VR26,TR,TOV,ABICON,ABIES CONCOLOR,22,,
2019,VR26,TR,TOV,PINCON,PINUS CONTORTA,13,,
2019,VR26,TR,TSA,PINCON,PINUS CONTORTA,0.5,,
2019,VR26,TR,TSA,ABICON,ABIES CONCOLOR,0.5,,
2019,VR26,SH,SM,RIBNEV,RIBES NEVADENSIS,2,,
2019,VR26,SH,SM,SYMROT,SYMPHORICARPOS ROTUNDIFOLIUS,3,,
2019,VR26,SH,SM,RIBCER,RIBES CEREUM,2,,
2019,VR26,SH,SM,ARTTRI,ARTEMISIA TRIDENTALA,9,,
2019,VR26,FB,TOF,ARAHOL/VARIRET,ARABIS HOLBOELLII,0.5,,
2019,VR26,FB,TOF,EPITOBIUM SPP,,0.5,,
2019,VR26,FB,TOF,CALMON,CALYPTRIDIUM MONOSPERMUM,0.5,,
2019,VR26,FB,TOF,LUPLEP,,0.5,,
2019,VR26,FB,TOF,ENIBRE,,0.5,,
2019,VR26,FB,TOF,ENCON,,0.5,,
2019,VR26,FB,TOF,WYEMOL,WYETHIA MOLLIS,0.5,,
2019,VR26,GR,TOG,LINNUT,LINANTHUS NUTTALLII,0.5,,
2019,VR26,GR,TOG,ELYELY,ELYMUS ELYMOIDES,0.5,,
2019,VR26,FB,TOF,POA,,0.5,,
2019,VR26,GR,TOG,KELGAL,KELLOGGIA GALIOIDES,0.5,,
2019,VR26,FB,TOF,CARARC,CAREX  ARCTA,0.5,,
2019,VR26,GR,TOG,ERINUD,ERIOGONUM NUDUM,0.5,,
2019,VR26,FB,TOF,STIPA SPP,,0.5,,
2019,VR26,FB,TOF,COLPAR,COLLINSIA PARVIFLORA,0.5,,
2019,VR26,FB,TOF,ERURB,,0.5,,
2019,VR26,FB,TOF,LINNUT,LINANTHUS NUTTALLII,0.5,,
2019,VR26,FB,TOF,VIOPUR,VIOLA PURPURERA,0.5,,
2019,VR26,FB,TOF,HYPANA,,0.5,,
2019,VR26,FB,TOF,BOICHIRA?,,0.5,,
2019,VR29,TR,TOV,ABICON,ABIES CONCOLOR,65,,
2019,VR29,TR,TOV,ABIMAG,ABIES MAGNIFICA,20,,
2019,VR29,TR,TOV,PINCON,PINUS CONTORTA,5,,
2019,VR29,TR,TOV,ALNINC,ALNUS INCANA,8,,
2019,VR29,TR,TSA,ALNINC,ALNUS INCANA,1,,
2019,VR29,TR,TSA,ABISPP,,1,,
2019,VR29,TR,TOV,POPTRE,POPULUS TREMULOIDES ,1,,
2019,VR29,FB,TOF,SENTRI,SENECIO TRIANGULARIS,1,,
2019,VR29,TR,TSA,PINCON,PINUS CONTORTA,0.5,,
2019,VR29,FB,TOF,VIOPIN,VIOLA PURPURERA,0.5,,
2019,VR29,FB,TOF,HIEALB,HIERACIUM ALBIFLORUM,0.5,,
2019,VR29,GR,TOG,CARROS,CAREX ROSSII,0.5,,
2019,VR29,FB,TOF,OSMCHI,OSMORHIZA CHILENSIS,0.5,,
2019,VR29,GR,TOG,ELYTRA,ELYMUS TRACHICAULUS,0.5,,
2019,VR29,FB,TOF,KELGAL,KELLOGGIA GALIOIDES,0.5,,
2019,VR29,FB,TOF,SENINT,SENECIO INTEGERRIMUS,0.5,,
2019,VR29,SH,SL,SYMROT,SYMPHORICARPOS ROTUNDIFOLIUS,0.5,,
2019,VR29,FB,TOF,ACTRUB,ACTAEA RUBRA,1,,
2019,VR29,FB,TOF,THAFEN,THALICTRUM FENDLERI,0.5,,
2019,VR29,SH,SL,RIBMON,RIBES MONTIGENUM,0.5,,
2019,VR29,GR,TOG,GLYELA,GLYCERIA ELATA,0.5,,
2019,VR29,FB,TOF,VIOMAC,VIOLA MAKLOSKEYI,0.5,,
2019,VR29,TR,TSA,FRAXVEL,FRAXINUS VELUTINA,0.5,,
2019,VR29,FB,TOF,OSMOCC,OSMORHIZA OCCIDENTALIS,0.5,,
2019,VR3,TR,TOV,ABICON,ABIES CONCOLOR,57,,
2019,VR3 N,TR,TOV,ABICON,ABIES CONCOLOR,35,,
2019,VR3 N,TR,TOV,ABIMAG,ABIES MAGNIFICA,31,,
2019,VR3 N,TR,TSA,ABIMAG,ABIES MAGNIFICA,0.5,,
2019,VR3 N,TR,TSA,ABICON,ABIES CONCOLOR,0.5,,
2019,VR3 N,SH,SL,RIBMON,RIBES MONTIGENUM,0.5,,
2019,VR3 N,SH,SL,SYMROT,SYMPHORICARPOS ROTUNDIFOLIUS,0.5,,
2019,VR3 N,SH,SL,CHRSEM,CHRYSOLEPIS SEMPERVIRENS,0.5,,
2019,VR3 N,FB,TOF,VIOPUR,VIOLA PURPURERA,0.5,,
2019,VR3 N,FB,TOF,VIOMAC,VIOLA MAKLOSKEYI,0.5,,
2019,VR3 N,FB,TOF,KELGAL,KELLOGGIA GALIOIDES,0.5,,
2019,VR3 N,FB,TOF,ARADIV,ARABIS DIVARICARPA,0.5,,
2019,VR3 N,FB,TOF,PHAHAS,PHACELIA HASTATA,0.5,,
2019,VR3 N,FB,TOF,THAFEN,THALICTRUM FENDLERI,0.5,,
2019,VR3 N,FB,TOF,GAYDIF,GAYOPHYTUM DIFFUSUM,0.5,,
2019,VR3 N,FB,TOF,HACMIC,,0.5,,
2019,VR3 N,FB,TOF,OSMOCC,OSMORHIZA OCCIDENTALIS,0.5,,
2019,VR3 N,FB,TOF,PHAEGE,PHACELIA EGENA,0.5,,
2019,VR3 N,GR,TOG,ELYELY,ELYMUS ELYMOIDES,1,,
2019,VR3 N,GR,TOG,CARARC,CAREX  ARCTA,1,,
2019,VR30,TR,TOV,PINJEF,PINUS JEFFREY,4,,
2019,VR30,TR,TSA,PINJEF,PINUS JEFFREY,0.5,,
2019,VR30,TR,TOV,ABIMAG,ABIES MAGNIFICA,10,,
2019,VR30,SH,SM,QUEVAC,QUERCUS VACCINIFOLIA,2,,
2019,VR30,SH,SM,PRUEMA,PRUNUS EMARGINATA,3,,
2019,VR30,SH,SL,PRUEMA,PRUNUS EMARGINATA,0.5,,
2019,VR30,SH,SM,ARTTRI,ARTEMISIA TRIDENTALA,0.5,,
2019,VR30,SH,SL,SENFLA,,0.5,,
2019,VR30,FB,TOF,APOAND,APOCYNUM ANDROSAEMIFOLIUM,0.5,,
2019,VR30,FB,TOF,BRASPI,,0.5,,
2019,VR30,FB,TOF,ERINUD,ERIOGONUM NUDUM,0.5,,
2019,VR30,FB,TOF,WYEMOL,WYETHIA MOLLIS,0.5,,
2019,VR30,FB,TOF,LUPAND,LUPINUS ANDERSONII,0.5,,
2019,VR30,FB,TOF,AST SP2,,2,,
2019,VR30,FB,TOF,AST SP3,,0.5,,
2019,VR30,GR,TOG,POASPP,,6,,
2019,VR30,GR,TOG,ELYELY,ELYMUS ELYMOIDES,0.5,,
2019,VR30,GR,TOG,POASPP,,0.5,,
2019,VR30,GR,TOG,POASPP,,0.5,,
2019,VR31,TR,TOV,ABICON,ABIES CONCOLOR,32,,
2019,VR31,TR,TOV,ALNINC,ALNUS INCANA,18,,
2019,VR31,TR,TOV,POPTRE,POPULUS TREMULOIDES ,14,,
2019,VR31,TR,TOV,PINCON,PINUS CONTORTA,5,,
2019,VR31,SH,SL,RIBMON,RIBES MONTIGENUM,35,,
2019,VR31,FB,TOF,OSMCHI,OSMORHIZA CHILENSIS,1,,
2019,VR31,FB,TOF,OSMOCC,OSMORHIZA OCCIDENTALIS,1,,
2019,VR31,SH,SL,SYMROT,SYMPHORICARPOS ROTUNDIFOLIUS,0.5,,
2019,VR31,SS,TSS,SYMROT,SYMPHORICARPOS ROTUNDIFOLIUS,2,,
2019,VR31,FB,TOF,HERLAN,HERACLEUM LANATUM,0.5,,
2019,VR31,GR,TOG,EIYGLA,ELYMUS GLAUCUS,0.5,,
2019,VR31,FB,TOF,ACTRUB,ACTAEA RUBRA,5,,
2019,VR31,TR,TSA,POPTRE,POPULUS TREMULOIDES ,0.5,,
2019,VR31,FB,TOF,MAISTE,MAIANTHEMUM STELLATA,0.5,,
2019,VR31,FB,TOF,SOLCAN,SOLIDAGO CANADENSIS,0.5,,
2019,VR31,FB,TOF,SENINT,SENECIO INTEGERRIMUS,0.5,,
2019,VR31,FB,TOF,SENTRI,SENECIO TRIANGULARIS,0.5,,
2019,VR31,GR,TOG,ARGIDA,ARGOSTIS  IDAHOENSIS,0.5,,
2019,VR31,FB,TOF,PHAMUT,PHACELIA MUTABILIS,0.5,,
2019,VR31,FB,TOF,AQUPUB,AQUILEGIA PUBESCENS,0.5,,
2019,VR31,GR,TOG,ELYTRA,ELYMUS TRACHICAULUS,0.5,,
2019,VR31,GR,TOG,ELYELY,ELYMUS ELYMOIDES,0.5,,
2019,VR31,FB,TOF,THAFEN,THALICTRUM FENDLERI,0.5,,
2019,VR31,FB,TOF,ARTMAY,,1,,
2019,VR31N,TR,TOV,ABICON,ABIES CONCOLOR,-,,
2019,VR31N,TR,TSA,ABICON,ABIES CONCOLOR,2,,
2019,VR31N,TR,TOV,ABIMAG,ABIES MAGNIFICA,-,,
2019,VR31N,TR,TSA,ABIMAG,ABIES MAGNIFICA,0.5,,
2019,VR31N,TR,TOV,PINCON,PINUS CONTORTA,-,,
2019,VR31N,TR,TOV,POPTRE,POPULUS TREMULOIDES ,-,,
2019,VR31N,TR,TSA,POPTRE,POPULUS TREMULOIDES ,-,,
2019,VR31N,SH,SL,ROSWOO,ROSA WOODSII,-,,
2019,VR31N,SH,SL,AMEUTA,AMELANCHIER UTAHENSIS,-,,
2019,VR31N,SH,-,RIBMON,RIBES MONTIGENUM,-,,
2019,VR31N,SH,-,SYMROT,SYMPHORICARPOS ROTUNDIFOLIUS,-,,
2019,VR31N,SH,-,ARTTRI,ARTEMISIA TRIDENTALA,-,,
2019,VR31N,FB,TOG,OSMOCC,OSMORHIZA OCCIDENTALIS,1,,
2019,VR31N,FB,TOG,SOLCAN,SOLIDAGO CANADENSIS,5,,
2019,VR31N,FB,TOG,MAISTE,MAIANTHEMUM STELLATA,5,,
2019,VR31N,FB,TOG,HERLAN,HERACLEUM LANATUM,0.5,,
2019,VR31N,FB,TOG,EPIANG,EPILOBIUM ANGUSTIFOLIUM,0.5,,
2019,VR31N,FB,TOG,LUPAND,LUPINUS ANDERSONII,0.5,,
2019,VR31N,FB,TOG,ASTOCC,ASTER OCCIDENTALIS,0.5,,
2019,VR31N,FB,TOG,LUPPOL,LUPINUS POLYPHYLUS,0.5,,
2019,VR31N,FB,TOG,PHASPI,,0.5,,
2019,VR31N,FB,TOG,GAYDIF,GAYOPHYTUM DIFFUSUM,0.5,,
2019,VR31N,FB,TOG,VIOPIN,VIOLA PURPURERA,0.5,,
2019,VR31N,FB,TOG,ARASPI,,0.5,,
2019,VR31N,FB,TOG,LUPPOL,LUPINUS POLYPHYLUS,0.5,,
2019,VR31N,FB,TOG,ASTSPS,,0.5,,
2019,VR31N,FB,TOG,WYEMOL,WYETHIA MOLLIS,0.5,,
2019,VR31N,GR,TOG,ARGIDA,ARGOSTIS  IDAHOENSIS,1,,
2019,VR33,TR,TOV,ABICON,ABIES CONCOLOR,42,,
2019,VR33,TR,TOV,PINCON,PINUS CONTORTA,24,,
2019,VR33,SH,SM,RIBMON,RIBES MONTIGENUM,5,,
2019,VR33,GR,TOG,MELIME,MELICA IMPERFECTA,0.5,,
2019,VR33,GR,TOG,EIYGLA,ELYMUS GLAUCUS,1,,
2019,VR33,FB,TOF,VERCAL,VERATRUM CALIFORNICUM,1,,
2019,VR33,SS,TSS,SYMROT,SYMPHORICARPOS ROTUNDIFOLIUS,0.5,,
2019,VR33,FB,TOF,OSMCHI,OSMORHIZA CHILENSIS,2,,
2019,VR33,FB,TOF,HOLHEE,,0.5,,
2019,VR33,FB,TOF,THAFEN,THALICTRUM FENDLERI,0.5,,
2019,VR33,FB,TOF,PHAHAS,PHACELIA HASTATA,0.5,,
2019,VR33,TR,TSA,POPTRE,POPULUS TREMULOIDES ,0.5,,
2019,VR33,FB,TOF,ARADIV,ARABIS DIVARICARPA,0.5,,
2019,VR33,FB,TOF,OSMOCC,OSMORHIZA OCCIDENTALIS,7,,
2019,VR33,FB,TOF,DESCAL,,0.5,,
2019,VR33,TR,TOV,ALNINC,ALNUS INCANA,2,,
2019,VR33,GR,TOG,ARGIDA,ARGOSTIS  IDAHOENSIS,0.5,,
2019,VR33,FB,TOF,EPICAL,,0.5,,
2019,VR33,FB,TOF,HERLAN,HERACLEUM LANATUM,2,,
2019,VR33,GR,TOG,BROCAR,BROMUS CARINATUS,0.5,,
2019,VR33,FB,TOF,ARNCHA,,0.5,,
2019,VR33,FB,TOF,SENTRI,SENECIO TRIANGULARIS,2,,
2019,VR33,GR,TOG,POABUL,POA BULBOSA,0.5,,
2019,VR33,FB,TOF,GALTRI,GALIUM TRIFLORUM,0.5,,
2019,VR33,FB,TOF,RANOCC,RANUNCULUS OCCIDENTALIS,0.5,,
2019,VR33,GR,TOG,ARGIDA,ARGOSTIS  IDAHOENSIS,0.5,,
2019,VR34,TR,TOV,PINCON,PINUS CONTORTA,25,,
2019,VR34,TR,TOV,ABICON,ABIES CONCOLOR,29,,
2019,VR34,SH,SM,RIBMON,RIBES MONTIGENUM,5,,
2019,VR34,TR,TSA,PINCON,PINUS CONTORTA,0.5,,
2019,VR34,FB,TOF,THAFEN,THALICTRUM FENDLERI,2,,
2019,VR34,FB,TOF,EPICIL,EPILOBIUM CILIATUM,7,,
2019,VR34,FB,TOF,HERLAN,HERACLEUM LANATUM,0.5,,
2019,VR34,FB,TOF,LUPPOL,LUPINUS POLYPHYLUS,-,,
2019,VR34,FB,TOF,SENTRI,SENECIO TRIANGULARIS,1,,
2019,VR34,TR,TSA,POPTRE,POPULUS TREMULOIDES ,0.5,,
2019,VR34,FB,TOF,OSMCHI,OSMORHIZA CHILENSIS,0.5,,
2019,VR34,GR,TOG,EIYGLA,ELYMUS GLAUCUS,20,,
2019,VR34,FB,TOF,PHAHAS,PHACELIA HASTATA,0.5,,
2019,VR34,FB,TOF,AGAURT,AGASTACHE URTICIFOLIA,0.5,,
2019,VR34,GR,TOG,ARGSCA,ARGOSTIS  IDAHOENSIS,2,,
2019,VR34,GR,GR,BROCAR,BROMUS CARINATUS,2,,
2019,VR34,FB,TOF,POTGLA,POTENTILLA GLANDULOSA,0.5,,
2019,VR34,GR,TOG,ELYCIN,ELYMUS CINEREUS,2,,
2019,VR34,FB,TOF,ACTRUB,ACTAEA RUBRA,7,,
2019,VR34,GR,TOG,CARDOUG,,0.5,,
2019,VR34,FB,TOF,GALBIF,GALIUM BIFOLIUM,0.5,,
2019,VR34,SS,TSS,SYMROT,S+G676:G880YMPHORICARPOS ROTUNDIFOLIUS,0.5,,
2019,VR34,TR,TSA,ABICON,ABIES CONCOLOR,0.5,,
2019,VR34,FB,TOF,SENINT,SENECIO INTEGERRIMUS,7,,
2019,VR34,FB,TOF,SOLCAN,SOLIDAGO CANADENSIS,0.5,,
2019,VR34,FB,TOF,VERCAL,VERATRUM CALIFORNICUM,30,,
2019,VR34,GR,TOG,AGRPAL,,0.5,,
2019,VR35,TR,TOV,ABIMAG,ABIES MAGNIFICA,10,,15
2019,VR35,TR,TOV,ABICON,ABIES CONCOLOR,15,,6
2019,VR35,TR,TOV,PINJEF,PINUS JEFFREY,3,,5
2019,VR35,TR,TOV,PINCON,PINUS CONTORTA,19,,22
2019,VR35,SH,SL,CHRNAU,CHRYSOTHARMNUS NAUSEOUS ,0.5,,tr
2019,VR35,FB,TOF,DIECAN,,0.5,,
2019,VR35,SH,SM,SYMROT,SYMPHORICARPOS ROTUNDIFOLIUS,0.5,,
2019,VR35,SH,SL,ARTTRI,ARTEMISIA TRIDENTATA,0.5,,0
2019,VR35,SH,SM,ARTTRI,ARTEMISIA TRIDENTATA,0.5,,tr
2019,VR35,SH,SL,SYMROT,SYMPHORICARPOS ROTUNDIFOLIUS,0.5,,
2019,VR35,FB,TOF,VIOPIN,VIOLA PURPURERA,21,,
2019,VR35,GR,TOG,ARGIDA,ARGOSTIS  IDAHOENSIS,1,,
2019,VR35,GR,TOG,CARINT,CAREX INTEGRA,1,,1
2019,VR35,GR,TOG,ELYELY,ELYMUS ELYMOIDES,0.5,,
2019,VR35,FB,TOF,SENINT,SENECIO INTEGERRIMUS,1,,
2019,VR35,FB,TOF,CHRNAU,CHRYSOTHARMNUS NAUSEOUS ,0.5,,
2019,VR35,FB,TOF,ARADIV,ARABIS DIVARICARPA,0.5,,
2019,VR35,FB,TOF,OSMOCC,OSMORHIZA OCCIDENTALIS,0.5,,
2019,VR35,FB,TOF,STETEN,STEPHANOMERIA  TENUIFLORIA,0.5,,
2019,VR35,FB,TOF,COLPAR,COLLINSIA PARVIFLORA,0.5,,
2019,VR35,SH,SM,RIBCER,RIBES CEREUM,0.5,,
2019,VR35,FB,TOF,AQUPUB,AQUILEGIA PUBESCENS,0.5,,
2019,VR35,FB,TOF,SENINT,SENECIO INTEGERRIMUS,0.5,,
2019,VR35,FB,TOF,LUPBRE,LUPINUS  BREWERII,0.5,,
2019,VR35,FB,TOF,VIOPUR,VIOLA PURPURERA,0.5,,
2019,VR35,FB,TOF,ARAHOL,ARABIS HOLBOELLII,0.5,,
2019,VR35,FB,TOF,GAYDIF,GAYOPHYTUM DIFFUSUM,0.5,,
2019,VR35,GR,TOF,CARROS,CAREX ROSSII,0.5,,
2019,VR35,GR,TOF,MUHRIC,,0.5,,
2019,VR35,GR,TOF,POAWHE,POA WHEELERI,0.5,,
2019,VR35,GR,TOF,CARARC,CAREX  ARCTA,0.5,,
2019,VR4,TR,TOV,ABICON,ABIES CONCOLOR,42,,
2019,VR4,TR,TOV,PINCON,PINUS CONTORTA,1,,
2019,VR4,TR,TOV,POPTRE,POPULUS TREMULOIDES ,2,,
2019,VR4,TR,TSA,ABICON,ABIES CONCOLOR,0.5,,
2019,VR4,TR,TSA,PINCON,PINUS CONTORTA,0.5,,
2019,VR4,TR,TSA,POPTRE,POPULUS TREMULOIDES ,0.5,,
2019,VR4,TR,TSA,RIBMON,RIBES MONTIGENUM,69,,
2019,VR4,TR,TSA,SYMROT,SYMPHORICARPOS ROTUNDIFOLIUS,0.5,,
2019,VR4,TR,TSA,CORSER,CORNUS SERICEA,0.5,,
2019,VR4,FB,TOF,OSMOCC,OSMORHIZA OCCIDENTALIS,0.5,,
2019,VR4,FB,TOF,THAFEN,THALICTRUM FENDLERI,0.5,,
2019,VR4,FB,TOF,LUPPOL,LUPINUS POLYPHYLUS,0.5,,
2019,VR4,FB,TOF,KELGAL,KELLOGGIA GALIOIDES,0.5,,
2019,VR4,FB,TOF,PHAEGE,PHACELIA EGENA,0.5,,
2019,VR4,FB,TOF,PHAHAS,PHACELIA HASTATA,0.5,,
2019,VR4,FB,TOF,HACMIC,,0.5,,
2019,VR4,FB,TOF,FB 1,,0.5,,
2019,VR4,FB,TOF,MERARV,,0.5,,
2019,VR4,FB,TOF,ARADIV,ARABIS DIVARICARPA,0.5,,
2019,VR4,FB,TOF,EPISPP,,0.5,,
2019,VR4,FB,TOF,VERCAL,VERATRUM CALIFORNICUM,0.5,,
2019,VR4,GR,TOG,STIPA SPP,,0.5,,
2019,VR4,GR,TOG,POAWHE,POA WHEELERI,0.5,,
2019,VR4,GR,TOG,CARARC,CAREX  ARCTA,0.5,,
2019,VR4,TR,TOV,ABIMAG,ABIES MAGNIFICA,18,,
2019,VR40,TR,TOV,ABIMAG,ABIES MAGNIFICA,2,,
2019,VR40,TR,TSA,ABIMAG,ABIES MAGNIFICA,1,,
2019,VR40,TR,TOV,ABICON,ABIES CONCOLOR,12,,
2019,VR40,TR,TSA,ABICON,ABIES CONCOLOR,2,,
2019,VR40,TR,TOV,PINJEF,PINUS JEFFREY,3,,
2019,VR40,TR,TOV,PINCON,PINUS CONTORTA,-,,
2019,VR40,SH,SM,SYMROT,SYMPHORICARPOS ROTUNDIFOLIUS,3,,
2019,VR40,SH,SL,SYMROT,SYMPHORICARPOS ROTUNDIFOLIUS,1,,
2019,VR40,SH,SM,RIBCER,RIBES CEREUM,0.5,,
2019,VR40,SH,SM,ARTTRI,ARTEMISIA TRIDENTALA,2,,
2019,VR40,SH,SL,ARTTRI,ARTEMISIA TRIDENTALA,1,,
2019,VR40,SH,SL,AMEUTA,AMELANCHIER UTAHENSIS,0.5,,
2019,VR40,SH,SM,CEACOR,CEANOTHUS CORDULATUS,2,,
2019,VR40,SH,SL,CEACOR,CEANOTHUS CORDULATUS,0.5,,
2019,VR40,TR,TSA,PINJEF,PINUS JEFFREY,0.5,,
2019,VR40,FB,TOF,IPOAGG,IPOMOPSIS AGGREGATA,0.5,,
2019,VR40,FB,TOF,LUPAND,LUPINUS ANDERSONII,0.5,,
2019,VR40,FB,TOF,ERINUD,ERIOGONUM NUDUM,0.5,,
2019,VR40,FB,TOF,PEDSEM,PEDICULARIS ATTOLLENS,0.5,,
2019,VR40,FB,TOF,VIOPIN,VIOLA PURPURERA,0.5,,
2019,VR40,FB,TOF,OSMOCC,OSMORHIZA OCCIDENTALIS,0.5,,
2019,VR40,FB,TOF,ARADRU,ARABIS DRUMMONDI,0.5,,
2019,VR40,FB,TOF,ASTOCC,ASTER OCCIDENTALIS,1,,
2019,VR40,FB,TOF,SENINT,SENECIO INTEGERRIMUS,0.5,,
2019,VR40,FB,TOF,ARAHOL,ARABIS HOLBOELLII,0.5,,
2019,VR40,GR,TOG,ELYELY,ELYMUS ELYMOIDES,2,,
2019,VR40,GR,TOG,ARGIDA,ARGOSTIS  IDAHOENSIS,0.5,,
2019,VR43,TR,TOV,POPTRE,POPULUS TREMULOIDES ,30,,
2019,VR43,TR,TOV,ABICON,ABIES CONCOLOR,18,,
2019,VR43,TR,TOV,PINCON,PINUS CONTORTA,10,,
2019,VR43,SH,SM,RIBMON,RIBES MONTIGENUM,8,,
2019,VR43,FB,TOF,SENTRI,SENECIO TRIANGULARIS,4,,
2019,VR43,TR,TSA,POPTRE,POPULUS TREMULOIDES ,0.5,,
2019,VR43,TR,TSA,ABICON,ABIES CONCOLOR,0.5,,
2019,VR43,TR,TSA,PINCON,PINUS CONTORTA,0.5,,
2019,VR43,FB,TOF,EQUARV,EQUISETUM ARVENSE,20,,
2019,VR43,FB,TOF,PHAHAS,PHACELIA HASTATA,1,,
2019,VR43,FB,TOF,OSMCHI,OSMORHIZA CHILENSIS,0.5,,
2019,VR43,GR,TOG,EIYGLA,ELYMUS GLAUCUS,1,,
2019,VR43,FB,TOF,RANOCC,RANUNCULUS OCCIDENTALIS,1,,
2019,VR43,FB,TOF,HERLAN,HERACLEUM LANATUM,2,,
2019,VR43,FB,TOF,AGAURT,AGASTACHE URTICIFOLIA,1,,
2019,VR43,FB,TOF,AQUPUB,AQUILEGIA PUBESCENS,0.5,,
2019,VR43,FB,TOF,PYRASA,PYROLA ASARIFOLIA,0.5,,
2019,VR43,GR,TOG,AGRPAL,AGROSTIS PALLENS,10,,
2019,VR43,FB,TOF,THAFEN,THALICTRUM FENDLERI,0.5,,
2019,VR43,FB,TOF,EPIANG,EPILOBIUM ANGUSTIFOLIUM,0.5,,
2019,VR43,FB,TOF,TAROFF,TARAXACUM OFFICINALE,0.5,,
2019,VR43,FB,TOF,SENINT,SENECIO INTEGERRIMUS,2,,
2019,VR43,SH,SM,RIBCER,RIBES CEREUM,0.5,,
2019,VR44,TR,TOV,ALNINC,ALNUS INCANA,50,,
2019,VR44,TR,TOV,POPTRE,POPULUS TREMULOIDES ,12,,
2019,VR44,SH,SM,RIBMON,RIBES MONTIGENUM,25,,
2019,VR44,TR,TSA,POPTRE,POPULUS TREMULOIDES ,1,,
2019,VR44,TR,TSA,ALNINC,ALNUS INCANA,80,,
2019,VR44,TR,TOV,ABICON,ABIES CONCOLOR,20,,
2019,VR44,TR,TSA,ABICON,ABIES CONCOLOR,15,,
2019,VR44,TR,TOV,PINCON,PINUS CONTORTA,5,,
2019,VR44,FB,TOF,EQUARV,EQUISETUM ARVENSE,15,,
2019,VR44,FB,TOF,CIRALP,CIRCAEA ALPINA,5,,
2019,VR44,FB,TOF,THAFEN,THALICTRUM FENDLERI,0.5,,
2019,VR44,FB,TOF,ALLCAM,ALLIUM CAMPANULATUM,0.5,,
2019,VR44,FB,TOF,EPIANG,EPILOBIUM ANGUSTIFOLIUM,0.5,,
2019,VR44,FB,TOF,OSMCHI,OSMORHIZA CHILENSIS,0.5,,
2019,VR44,FB,TOF,HERLAN,HERACLEUM LANATUM,0.5,,
2019,VR44,FB,TOF,AQUPUB,AQUILEGIA PUBESCENS,0.5,,
2019,VR44,TR,TOV,ABIMAG,ABIES MAGNIFICA,5,,
2019,VR44,FB,TOF,SENTRI,SENECIO TRIANGULARIS,5,,
2019,VR44,FB,TOF,SENINT,SENECIO INTEGERRIMUS,0.5,,
2019,VR44,GR,TOG,GLYELA,GLYCERIA ELATA,50,,
2019,VR44,GR,TOG,EIYGLA,ELYMUS GLAUCUS,1,,
2019,VR44,GR,TOG,FESRUB,FESTUCA RUBRA,1,,
2019,VR5,TR,TSA,ABIMAG,ABIES MAGNIFICA,0.5,,
2019,VR52,TR,TOV,ALNINC,ALNUS INCANA,80,,
2019,VR52,TR,TSA,POPTRE,POPULUS TREMULOIDES ,0.5,,
2019,VR52,SH,SM,RIBMON,RIBES MONTIGENUM,15,,
2019,VR52,TR,TOV,PINCON,PINUS CONTORTA,35,,
2019,VR52,FB,TOF,HERLAN,HERACLEUM LANATUM,0.5,,
2019,VR52,TR,TSA,ABISPP,,0.5,,
2019,VR52,FB,TOF,AQUPUB,AQUILEGIA PUBESCENS,0.5,,
2019,VR52,SH,SL,SYMROT,SYMPHORICARPOS ROTUNDIFOLIUS,0.5,,
2019,VR52,FB,TOF,OSMCHI,OSMORHIZA CHILENSIS,0.5,,
2019,VR52,FB,TOF,EQUARV,EQUISETUM ARVENSE,20,,
2019,VR52,FB,TOF,LILPAR,LILIUM PARVUM,0.5,,
2019,VR52,FB,TOF,EPIANG,EPILOBIUM ANGUSTIFOLIUM,0.5,,
2019,VR52,FB,TOF,SENTRI,SENECIO TRIANGULARIS,1,,
2019,VR52,FB,TOF,MAISTE,MAIANTHEMUM STELLATA,1,,
2019,VR52,FB,TOF,AGAURT,AGASTACHE URTICIFOLIA,2,,
2019,VR52,FB,TOF,THAFEN,THALICTRUM FENDLERI,0.5,,
2019,VR52,FB,TOF,URTDIO,URTICA DIOICA,0.5,,
2019,VR52,FB,TOF,POTGLA,POTENTILLA GLANDULOSA,0.5,,
2019,VR52,FB,TOF,ALLCAM,ALLIUM CAMPANULATUM,0.5,,
2019,VR52,GR,TOG,GLYELA,GLYCERIA ELATA,15,,
2019,VR6,TR,TSA,ABICON,ABIES CONCOLOR,0.5,,
2019,VR7,SH,SL,RIBMON,RIBES MONTIGENUM,0.5,,
2019,VR8,FB,TOF,KELGAL,KELLOGGIA GALIOIDES,0.5,,
2019,VR9,FB,TOF,FB#7,,0.5,,
,,,,,,,,
,,,,,,,,
